name;
Alene Kolb;
Rosetta Harris;
Cynthia Mull;
Mary Way;
Jonathan Prescott;
Trish Sullivan;
Jamie Lowman;
Ronald Jose;
Connie Mcallister;
Cherry Majors;
Willie Anchors;
Brandon Torres;
Edward Clark;
Karin Cline;
Ronald Epps;
Donald Sutton;
Lisa Mullenix;
Krystyna Lepard;
Olga Williams;
Margarita Marcinkiewicz;
Daniel Wishman;
Ronald Watson;
Guadalupe Macdonald;
William Hurley;
Linda Jackson;
Matthew Maloy;
Pamela Musumeci;
Michael Darling;
Luis Tomasini;
Travis Favela;
Ricky Marino;
Kim Marth;
Lila Robinson;
Robert Eastland;
Leah Peterson;
Jeffrey Clark;
Joe Fitch;
Raymond Small;
Brandy Kearney;
Sandra Exley;
Kenneth Kinder;
James Williams;
Jeff Sanon;
Jill Junke;
James Roth;
Dick Crandell;
Nicole Ferris;
Samantha Foust;
Leroy Shan;
Jim Fry;
Sondra Bowden;
John Mariano;
John Bryant;
Brandy Mitchell;
Gerald Lewis;
Shannon Ingle;
Eugenia Walker;
Owen Faber;
Scott Payne;
Nohemi Verdin;
Timothy Rubio;
Darla Sampson;
Ann Valenti;
James Sklar;
Michael Michael;
Bertha Walker;
Jimmy Martinez;
Ruth Pena;
Sandra Lipscomb;
Anthony Silva;
Joseph Meade;
Ruth Santander;
Starr Davis;
Henry Guerrant;
Mary Henderson;
Michael Rickards;
Mary Marriot;
Pauline Gassen;
Timmy Holmes;
Francisca Stepnoski;
Keith Biggs;
Fred Clark;
Michael Sparks;
Paul Flynn;
Kenneth Boyers;
Millicent Landry;
Kevin Dubreuil;
Joshua Ramos;
Vera Key;
Karen Macek;
Ingrid Petronella;
Mitchell Scott;
Marissa Smith;
Charles Martinez;
Shelli Marbut;
Andrea Moreland;
Jarrod Barela;
Anthony Larson;
Trinidad Buckley;
Jacqueline Szymanski;
Victor Denson;
Edward Boozer;
Barbara Geraldo;
Phyllis Tyler;
Robert Miers;
Kevin Hill;
Marcia Garr;
Vernon Martin;
Paul Orser;
Samuel Meluso;
William Lewis;
Hosea Hyman;
Bradly Connelly;
James Fortner;
Suzanne Thomas;
Millard Dawson;
Barbara Downs;
Anna Pigott;
Kindra Gifford;
Ronald Obrien;
May Wyckoff;
Marcelino Smallwood;
Cathleen Pickrell;
George Johnson;
Richard Summers;
Donald Coates;
Federico Murphy;
Amanda Flies;
Earl Thomas;
Louis Muszynski;
Otto Penn;
Travis Jenkins;
Dwight Picard;
Filomena Borner;
Jennifer Radden;
Patricia Henderson;
Mary Holton;
David Montgomery;
Jutta Hernandez;
Lula Reyes;
Flora Myers;
Travis Maxson;
Stephen Briggs;
Morris Campbell;
Maya Ogawa;
Anita Evans;
Inez Poston;
Barry Crenshaw;
Randy Scott;
Florence Smith;
Jeffery Haven;
Ralph Cox;
James Santiago;
Delores Estrada;
Kathryn Moore;
Carolyn Foley;
Rufus Marin;
Millie Lear;
Lori Hutter;
Joseph Garcia;
Mary Dion;
Jo Sarmiento;
Antoinette White;
Samuel Sweeney;
Timothy Marietta;
John Laurent;
James Asuncion;
Dawn Stoltzfus;
Kris Glisson;
Leslie Lee;
Antonio Dewall;
Barbara Lyons;
Mira Ereaux;
Marilyn Abbott;
Florence Bullington;
Aaron Brown;
Alan Jefferson;
Willie Fair;
Patrick Steenken;
Roger Gayman;
Cuc Garrett;
Rodney Chowenhill;
Jim Andrade;
June Powers;
Charles Berger;
Willie Meadows;
Julian Quigley;
Dianne Griffen;
Christine Williams;
Leslie Souliere;
Joseph Jenkins;
Regina Maresca;
Jane Yeager;
Latisha Gonzales;
Krystal Cardi;
Doris Young;
Rose Netterville;
Timothy Smith;
Ronald Calderon;
Michelle Murdock;
Tanya Houston;
Frank Glass;
Kathy Ott;
Diann Guevara;
Helen Jackson;
Robert Badilla;
Wm Mckinney;
Trinidad Prince;
Karin Hotchkiss;
Carolyn Adame;
Eugene Nemith;
Angel Hearnen;
Odell Martinez;
Florence Herrera;
Dianne Bilbao;
William Hernandez;
Jayne Sellers;
Paula Hall;
Carrie Lessard;
Tommy Johnson;
Adrian Lewis;
Cynthia Swick;
Martha Purcell;
Antoinette Smith;
Melanie Sietsma;
Jennifer Means;
Lucien Moore;
Christopher Pearson;
Eugene Kennedy;
Steven Ramos;
Tawnya Fulk;
Norman Smith;
Bruce Johnson;
Kattie Espinoza;
Reginald Turner;
Nicholas Hersha;
Carmen Johnston;
James Arreola;
Veronica Barrett;
Debbie Paul;
Richard Welch;
Deena Fisher;
Erika Hibbard;
Jesse Sanders;
Marcus Swanson;
Jennifer Hughes;
Miriam Collins;
Iris Morrison;
Janet Robertson;
Alfred Stone;
Jeffery Mayall;
Martha Gardner;
Kenneth Rose;
Debra Hardaway;
Julia East;
Paul Collins;
Christine Villegas;
Carla Mahoney;
Kathy Hollingsworth;
Nancy Thomas;
Julie Smith;
Jamie Obryan;
Patrick Padgett;
Judy Casillas;
Steven Ortiz;
Leslie Schindler;
Robert Greene;
Sarah Beatty;
Theresa Ohara;
Andrew Casady;
Nichole Farias;
Loralee Kraft;
Karen Srey;
Inge Medley;
Eddie Ayala;
Larry Zimmerebner;
James Best;
Barbara Herrera;
Linda Jung;
Jessica Johnson;
Georgia Harris;
Leslie Scott;
Virgil Richardson;
Nora Johnson;
Paula Peden;
Lila Heinrich;
Royce Jones;
Eugene Oakden;
Bernice Ortiz;
Kenneth Medina;
Tiffany Harris;
Eddie Taylor;
David Bowling;
Janet Henson;
Gloria White;
Donna Ringo;
Janice Corney;
Cecilia Rodriguez;
Norbert Lovelace;
Shaun Weisgarber;
Grace Reyes;
Willie Durr;
Julia Holding;
Marguerite Bermudez;
Randolph Moon;
Kyle Machenry;
Stacy Gibney;
Tony Gardener;
Robert Jones;
Gary Mccoy;
Jerry Stovall;
Nancy Krug;
Anne Parker;
Beatrice Waddell;
Kristy Brown;
Edmundo Buxton;
Sandy Peoples;
Ryan Manfre;
Jamie Jackson;
Arianne Cox;
Christine Lachley;
Laurie Vancuren;
Jodi Dennis;
Melody Ash;
Matthew Cannon;
Gustavo Brox;
Nelson Thompson;
Maurice Chevalier;
Beverly Shiflet;
Pedro Evans;
Kristine Richard;
Robert Foley;
Melissa Worley;
Mary Sanders;
Norman Sutton;
David Aguilar;
Virginia Souter;
Richard Payne;
Timothy Workman;
Sylvia Newman;
Eva Gray;
Patricia Sisco;
Joseph Nims;
Katie Hicks;
Lucienne Carter;
Alice Johnson;
George Fruge;
Kristina Cox;
Warren May;
Patricia Parham;
Steve Schartz;
John Sheridan;
Lena Navor;
Kerry Lebeouf;
Pamela Winters;
Marilynn Smith;
Erica Irvin;
Randall Quade;
Justin Wells;
Bert Litherland;
Katharine Simon;
Robbie Holmes;
John Valentine;
Luther Christensen;
Elisa Collins;
Brad Lane;
Yvette Stokes;
Wanda Nelson;
Ann Woodward;
Jane Perkins;
Lorene Fisher;
Frank Calendine;
Deborah Lewis;
Marie Zemlicka;
John Stooks;
Chris Payne;
Crystal Schramm;
Roxie Hamilton;
Clara Ortiz;
Juan Barnes;
Tessa Esquibel;
Robert Leighton;
Kenneth Bailey;
Harold Dodson;
Carmelo Lasenby;
Jeffrey Dowd;
Wayne Hurley;
Jewel Strassel;
Jessie Hand;
Kristy Clark;
Randi Fuller;
Kori Knudsen;
David Flowers;
Crystal Davies;
Lucius Cramer;
Maria Whipple;
Joyce Miller;
Stewart Kretchmar;
Orlando Cowles;
Olive Beauregard;
Frank Berkson;
Rochelle Kisner;
Sue Vang;
Benito Collier;
Sandra Abbenante;
Janice Pereda;
Judith Berkley;
Kirby Brown;
Lourdes Malone;
Michael Nelson;
Henry Burton;
Adam Kinghorn;
Aaron Niles;
Joseph Brown;
Alma Bolding;
Ernestine Pratt;
Jerry David;
Marie Johnson;
Joan Sowinski;
Jesus Thompson;
Jesus Woodard;
Philip Chandler;
William Vanauker;
Herman Haugh;
Mildred Daniels;
Martin Evans;
Lavinia Black;
Farah Runk;
Mark Flores;
Larry Jones;
John Shepard;
Betty Goldberg;
Betty White;
Jacob Melton;
Hazel Furukawa;
Kimberly Shumpert;
Eugene Fulkerson;
Michael Ball;
Carlos Crotts;
Jimmy Horn;
Brandon Matthews;
Daniel Hays;
Nilsa Brant;
Kellie Burton;
Laura Mckeane;
Erica Diaz;
Dominique Lester;
Robert Carr;
Emily Smith;
Lindsey Chavira;
Thelma Lopez;
Bryan Bowen;
Charles Higgins;
Jay Ott;
Anne Taylor;
Heather Palka;
James Maggio;
Clinton Cooper;
Gladys Lanzetta;
Kevin Barragan;
Glenda Lovejoy;
Florence Hirsch;
George Wood;
Vivian Ziadie;
Barbara Eury;
Susana Kitchel;
Charles Vanwormer;
Vanessa Bray;
Kasey Duhamel;
Pamela Maselli;
Lee Brantley;
Thomas Harrington;
Justin Anderson;
Lai Wendling;
Robert Toliver;
Mara Shae;
Sandra Loder;
Mark Warnick;
Walter Wells;
Karen Cooper;
Crystal Pennington;
Winford Anthony;
Thomas Ellis;
Shellie Williams;
Keisha Albright;
Sheryl Dickhoff;
Donald Snell;
Kathleen Stone;
Sharon Haskell;
Ellen Crouse;
Mike Cruz;
Laura Shelton;
Emily Roth;
Cindi Bridgmon;
Amber Hulsizer;
Jane Newton;
Pamela Chisholm;
Dorothy Pope;
Eugene Atchity;
Gerald Porch;
Dorothy Henderson;
Frank Fetzer;
Sara Powers;
Ethan Fisher;
Joan Sanders;
Phillip Chen;
Charles Bonner;
Avis Bell;
Amanda Lopez;
Ronda Kahn;
Lauren Smith;
Harold Brinkmann;
Richard Cayton;
Wanda Thomas;
Darrell Croes;
Andrea Smith;
Lee Litzenberger;
Brian June;
Wilbur Robertson;
Susan Porter;
Danielle Jenney;
Catherine Leeds;
Carol Eller;
Barbara Erickson;
Sara Adams;
Mary Pinsky;
Debora Wade;
Jason Ball;
Robert Baker;
Eric Law;
Kim Pixler;
Lorraine Williams;
Jane Cullen;
Jimmy Morton;
Daniel Mensing;
Catherine Wilson;
Mary Kirkland;
Kyle Barnes;
Kelly Hernandez;
Willie Cronin;
Jesse Beaudoin;
Margo Barr;
Avery Curley;
Omar Walters;
Michael Beauregard;
John Shields;
Donald Bernard;
George Ruiz;
Monte Perez;
James Shepard;
Douglas Mcfarland;
Ruby Colon;
Anita Koehler;
Beverly Zeigler;
Lillian Bucklew;
Michael Skerl;
Robert Guglielmo;
Jean Guillot;
Nick Davidson;
Edmund Rogers;
Veronique Nerney;
Shauna Brown;
Leonard Crowley;
Mark Lorts;
William Davilla;
Barry Turner;
Guadalupe Rushing;
Kevin Hartman;
Denise Harris;
Michele Calhoun;
Michael Monroe;
Dustin Varela;
Margaret Brown;
Jason Abshire;
Cathy Boyter;
Joel Rios;
Patricia Martin;
Robert Mandich;
Thomas Mcgee;
Jennifer Ledford;
Irene Romon;
Cheryl Cunningham;
Kevin Wentz;
Desmond Brown;
Michael Rusk;
Clarence Reynolds;
Chandra Marcus;
Sheila Paquette;
Yolanda Rybowiak;
Patricia Vess;
Gary Roberts;
Doris Teets;
James Sanborn;
Joseph Hudson;
Helen Cloer;
Stacy Sandstrom;
Frederick Sanders;
Brandy Rickett;
Ashley Baker;
Lila Farina;
Timothy Tauber;
Jacklyn Flagge;
Charlene Wehling;
Maria Wedderburn;
Edward Smith;
Gayle Beckwith;
Fred Hatfield;
Sandra Faust;
Elizabeth Craig;
Aaron Bone;
Peter Hoyt;
Edwin Dowty;
Inez Sandoval;
Gary Swainston;
Earl Chambers;
Alejandro Campbell;
Margaret Smith;
David Matthews;
Jack Bedolla;
Timothy Sigler;
Anthony Rowe;
Jimmy Anderson;
Tamera Lutwin;
Raymond Savage;
Curtis Gartin;
Guy Anderson;
Eric Sayler;
Jimmy Berry;
Phyllis Smith;
John Mongelli;
Marie Williams;
Samantha Soucy;
Michael Stancil;
Natalia Cobb;
Amber Darden;
Edward Lohrenz;
Robert Ross;
Shirley Plant;
Frank Standley;
William Jeune;
Todd Wyatt;
Emily Loveless;
Wade Henricks;
Candace Long;
Josephine Sartori;
Meagan Knoblock;
Charles Eicher;
Anna Davis;
Barry Brink;
Kathy Marshall;
Dean Holt;
Beverly Folsom;
Bobby Clark;
Andrea Baker;
Gary Louder;
James Lor;
Roberto Curtis;
Delois Davies;
Doris Kinzer;
Mary Cruz;
Nathaniel Jung;
Kevin Dale;
Delma Garcia;
Margaret Collins;
Timothy Mckee;
Michael Magnusson;
Jose Davis;
Arthur West;
Geoffrey Cisneros;
Marta Seagraves;
Mona Fink;
Samuel Boshart;
Tara Larson;
Lucy Howe;
Carol Osborn;
Philip Huh;
Kori Onstott;
David Ryerson;
Rose Wilson;
Bradley Najera;
Randall Marquez;
Jeff Powell;
Trevor Corke;
Joy Chambers;
Kellie Ortiz;
Mary French;
Thresa Cummings;
Andrew Goins;
Carmen Russo;
John Stender;
Charles White;
Wyatt Young;
Elsie Vaughn;
Christopher Butcher;
Dwight Shelton;
Janet Jordon;
Luke Ruark;
Eileen Clark;
Danielle Villa;
Brett Webster;
